DATE,CPIUFDNS_PC1
1914-01-01,6.18557
1914-02-01,4.16667
1914-03-01,2.08333
1914-04-01,-1.03093
1914-05-01,1.04167
1914-06-01,1.03093
1914-07-01,2.02020
1914-08-01,6.00000
1914-09-01,4.90196
1914-10-01,0.97087
1914-11-01,0.00000
1914-12-01,0.97087
1915-01-01,0.00000
1915-02-01,0.00000
1915-03-01,-1.02041
1915-04-01,2.08333
1915-05-01,3.09278
1915-06-01,2.04082
1915-07-01,-0.99010
1915-08-01,-5.66038
1915-09-01,-6.54206
1915-10-01,-1.92308
1915-11-01,-0.96154
1915-12-01,0.00000
1916-01-01,2.91262
1916-02-01,5.00000
1916-03-01,9.27835
1916-04-01,10.20408
1916-05-01,9.00000
1916-06-01,11.00000
1916-07-01,9.00000
1916-08-01,12.00000
1916-09-01,17.00000
1916-10-01,17.64706
1916-11-01,21.35922
1916-12-01,20.19231
1917-01-01,18.86792
1917-02-01,25.71429
1917-03-01,23.58491
1917-04-01,33.33333
1917-05-01,36.69725
1917-06-01,35.13514
1917-07-01,33.02752
1917-08-01,31.25000
1917-09-01,29.05983
1917-10-01,30.00000
1917-11-01,23.20000
1917-12-01,24.80000
1918-01-01,26.19048
1918-02-01,21.21212
1918-03-01,16.79389
1918-04-01,6.25000
1918-05-01,5.36913
1918-06-01,7.33333
1918-07-01,14.48276
1918-08-01,15.64626
1918-09-01,17.21854
1918-10-01,15.38462
1918-11-01,18.18182
1918-12-01,19.23077
1919-01-01,15.72327
1919-02-01,6.87500
1919-03-01,13.72549
1919-04-01,18.30065
1919-05-01,17.83439
1919-06-01,14.28571
1919-07-01,14.45783
1919-08-01,12.94118
1919-09-01,6.21469
1919-10-01,5.00000
1919-11-01,6.04396
1919-12-01,6.45161
1920-01-01,11.95652
1920-02-01,21.05263
1920-03-01,20.11494
1920-04-01,22.09945
1920-05-01,22.16216
1920-06-01,25.00000
1920-07-01,19.47368
1920-08-01,9.37500
1920-09-01,7.97872
1920-10-01,5.82011
1920-11-01,1.55440
1920-12-01,-8.08081
1921-01-01,-14.56311
1921-02-01,-21.73913
1921-03-01,-23.44498
1921-04-01,-28.95928
1921-05-01,-33.62832
1921-06-01,-34.34783
1921-07-01,-31.27753
1921-08-01,-22.85714
1921-09-01,-21.18227
1921-10-01,-20.00000
1921-11-01,-19.38776
1921-12-01,-14.28571
1922-01-01,-15.34091
1922-02-01,-8.02469
1922-03-01,-8.12500
1922-04-01,-6.36943
1922-05-01,-1.33333
1922-06-01,-0.66225
1922-07-01,-3.20513
1922-08-01,-9.25926
1922-09-01,-8.12500
1922-10-01,-6.87500
1922-11-01,-4.43038
1922-12-01,-2.56410
1923-01-01,0.67114
1923-02-01,-0.67114
1923-03-01,1.36054
1923-04-01,2.72109
1923-05-01,2.70270
1923-06-01,2.66667
1923-07-01,4.63576
1923-08-01,6.12245
1923-09-01,6.80272
1923-10-01,5.36913
1923-11-01,4.63576
1923-12-01,2.63158
1924-01-01,3.33333
1924-02-01,4.05405
1924-03-01,0.67114
1924-04-01,-1.32450
1924-05-01,-1.31579
1924-06-01,-1.94805
1924-07-01,-4.43038
1924-08-01,-3.84615
1924-09-01,-2.54777
1924-10-01,-1.91083
1924-11-01,-1.89873
1924-12-01,0.00000
1925-01-01,2.58065
1925-02-01,1.94805
1925-03-01,4.66667
1925-04-01,5.36913
1925-05-01,5.33333
1925-06-01,8.60927
1925-07-01,12.58278
1925-08-01,13.33333
1925-09-01,9.15033
1925-10-01,10.38961
1925-11-01,14.19355
1925-12-01,11.53846
1926-01-01,10.06289
1926-02-01,10.19108
1926-03-01,8.91720
1926-04-01,12.10191
1926-05-01,10.12658
1926-06-01,4.26829
1926-07-01,-2.35294
1926-08-01,-3.52941
1926-09-01,0.00000
1926-10-01,-0.58824
1926-11-01,-3.95480
1926-12-01,-2.29885
1927-01-01,-4.57143
1927-02-01,-5.20231
1927-03-01,-5.26316
1927-04-01,-7.95455
1927-05-01,-4.59770
1927-06-01,0.00000
1927-07-01,-2.40964
1927-08-01,-2.43902
1927-09-01,-2.39521
1927-10-01,-2.36686
1927-11-01,-2.94118
1927-12-01,-2.94118
1928-01-01,-2.39521
1928-02-01,-2.43902
1928-03-01,-1.23457
1928-04-01,0.00000
1928-05-01,-1.20482
1928-06-01,-5.84795
1928-07-01,-1.23457
1928-08-01,1.25000
1928-09-01,1.84049
1928-10-01,0.00000
1928-11-01,-0.60606
1928-12-01,-1.81818
1929-01-01,-0.61350
1929-02-01,0.62500
1929-03-01,-0.62500
1929-04-01,-2.46914
1929-05-01,-1.82927
1929-06-01,1.24224
1929-07-01,4.37500
1929-08-01,4.93827
1929-09-01,2.40964
1929-10-01,2.42424
1929-11-01,2.43902
1929-12-01,2.46914
1930-01-01,1.23457
1930-02-01,1.24224
1930-03-01,0.62893
1930-04-01,3.16456
1930-05-01,0.00000
1930-06-01,-2.45399
1930-07-01,-8.38323
1930-08-01,-10.58824
1930-09-01,-9.41176
1930-10-01,-8.87574
1930-11-01,-10.71429
1930-12-01,-12.65060
1931-01-01,-14.63415
1931-02-01,-17.17791
1931-03-01,-16.25000
1931-04-01,-19.01840
1931-05-01,-19.25466
1931-06-01,-20.12579
1931-07-01,-16.99346
1931-08-01,-16.44737
1931-09-01,-17.53247
1931-10-01,-18.18182
1931-11-01,-18.00000
1931-12-01,-17.24138
1932-01-01,-18.57143
1932-02-01,-17.77778
1932-03-01,-17.16418
1932-04-01,-15.90909
1932-05-01,-16.92308
1932-06-01,-16.53543
1932-07-01,-15.74803
1932-08-01,-17.32283
1932-09-01,-17.32283
1932-10-01,-17.46032
1932-11-01,-16.26016
1932-12-01,-15.00000
1933-01-01,-14.03509
1933-02-01,-15.31532
1933-03-01,-15.31532
1933-04-01,-15.31532
1933-05-01,-9.25926
1933-06-01,-3.77358
1933-07-01,3.73832
1933-08-01,7.61905
1933-09-01,7.61905
1933-10-01,8.65385
1933-11-01,7.76699
1933-12-01,6.86275
1934-01-01,13.26531
1934-02-01,21.27660
1934-03-01,22.34043
1934-04-01,20.21277
1934-05-01,17.34694
1934-06-01,13.72549
1934-07-01,4.50450
1934-08-01,3.53982
1934-09-01,7.07965
1934-10-01,5.30973
1934-11-01,6.30631
1934-12-01,8.25688
1935-01-01,9.90991
1935-02-01,8.77193
1935-03-01,7.82609
1935-04-01,11.50442
1935-05-01,9.56522
1935-06-01,7.75862
1935-07-01,6.03448
1935-08-01,5.12821
1935-09-01,3.30579
1935-10-01,4.20168
1935-11-01,6.77966
1935-12-01,7.62712
1936-01-01,3.27869
1936-02-01,0.00000
1936-03-01,-1.61290
1936-04-01,-3.17460
1936-05-01,-3.17460
1936-06-01,0.80000
1936-07-01,3.25203
1936-08-01,4.87805
1936-09-01,4.00000
1936-10-01,3.22581
1936-11-01,0.00000
1936-12-01,-0.78740
1937-01-01,1.58730
1937-02-01,4.03226
1937-03-01,7.37705
1937-04-01,7.37705
1937-05-01,8.19672
1937-06-01,4.76190
1937-07-01,3.93701
1937-08-01,3.10078
1937-09-01,3.07692
1937-10-01,3.12500
1937-11-01,2.38095
1937-12-01,0.79365
1938-01-01,-3.12500
1938-02-01,-6.20155
1938-03-01,-7.63359
1938-04-01,-6.87023
1938-05-01,-8.33333
1938-06-01,-7.57576
1938-07-01,-7.57576
1938-08-01,-9.02256
1938-09-01,-8.95522
1938-10-01,-8.33333
1938-11-01,-7.75194
1938-12-01,-4.72441
1939-01-01,-4.03226
1939-02-01,-2.47934
1939-03-01,-2.47934
1939-04-01,-4.09836
1939-05-01,-3.30579
1939-06-01,-4.91803
1939-07-01,-4.09836
1939-08-01,-4.13223
1939-09-01,0.00000
1939-10-01,0.00000
1939-11-01,0.84034
1939-12-01,-2.47934
1940-01-01,-0.84034
1940-02-01,1.69492
1940-03-01,0.84746
1940-04-01,1.70940
1940-05-01,2.56410
1940-06-01,5.17241
1940-07-01,3.41880
1940-08-01,2.58621
1940-09-01,-0.81967
1940-10-01,-1.65289
1940-11-01,-0.83333
1940-12-01,2.54237
1941-01-01,2.54237
1941-02-01,1.66667
1941-03-01,2.52101
1941-04-01,5.04202
1941-05-01,5.83333
1941-06-01,7.37705
1941-07-01,9.09091
1941-08-01,12.60504
1941-09-01,13.22314
1941-10-01,15.96639
1941-11-01,17.64706
1941-12-01,15.70248
1942-01-01,19.00826
1942-02-01,18.85246
1942-03-01,20.49180
1942-04-01,19.20000
1942-05-01,18.89764
1942-06-01,16.79389
1942-07-01,17.42424
1942-08-01,16.41791
1942-09-01,14.59854
1942-10-01,16.66667
1942-11-01,16.42857
1942-12-01,17.85714
1943-01-01,14.58333
1943-02-01,14.48276
1943-03-01,15.64626
1943-04-01,16.77852
1943-05-01,17.88079
1943-06-01,15.03268
1943-07-01,10.96774
1943-08-01,8.97436
1943-09-01,8.28025
1943-10-01,6.21118
1943-11-01,4.29448
1943-12-01,3.03030
1944-01-01,2.42424
1944-02-01,0.60241
1944-03-01,-1.76471
1944-04-01,-4.02299
1944-05-01,-5.61798
1944-06-01,-4.54545
1944-07-01,-1.16279
1944-08-01,0.58824
1944-09-01,0.00000
1944-10-01,-1.16959
1944-11-01,-0.58824
1944-12-01,0.00000
1945-01-01,0.59172
1945-02-01,1.19760
1945-03-01,1.19760
1945-04-01,1.19760
1945-05-01,2.38095
1945-06-01,4.16667
1945-07-01,3.52941
1945-08-01,2.33918
1945-09-01,1.76471
1945-10-01,2.36686
1945-11-01,2.95858
1945-12-01,3.52941
1946-01-01,2.94118
1946-02-01,2.36686
1946-03-01,2.95858
1946-04-01,4.14201
1946-05-01,2.90698
1946-06-01,3.42857
1946-07-01,17.04545
1946-08-01,21.71429
1946-09-01,24.85549
1946-10-01,28.90173
1946-11-01,33.90805
1946-12-01,31.25000
1947-01-01,30.28571
1947-02-01,30.63584
1947-03-01,35.05747
1947-04-01,32.38636
1947-05-01,31.63842
1947-06-01,30.93923
1947-07-01,16.50485
1947-08-01,14.55399
1947-09-01,16.66667
1947-10-01,12.10762
1947-11-01,8.15451
1947-12-01,11.25541
1948-01-01,14.03509
1948-02-01,12.38938
1948-03-01,6.80851
1948-04-01,10.72961
1948-05-01,12.44635
1948-06-01,12.23629
1948-07-01,12.08333
1948-08-01,10.24590
1948-09-01,5.95238
1948-10-01,4.80000
1948-11-01,1.98413
1948-12-01,-0.77821
1949-01-01,-2.30769
1949-02-01,-2.36220
1949-03-01,-0.39841
1949-04-01,-2.32558
1949-05-01,-4.19847
1949-06-01,-4.51128
1949-07-01,-7.06320
1949-08-01,-6.31970
1949-09-01,-4.86891
1949-10-01,-4.96183
1949-11-01,-3.11284
1949-12-01,-3.92157
1950-01-01,-4.33071
1950-02-01,-2.41935
1950-03-01,-2.40000
1950-04-01,-2.77778
1950-05-01,-1.19522
1950-06-01,-0.78740
1950-07-01,3.60000
1950-08-01,3.57143
1950-09-01,2.75591
1950-10-01,4.81928
1950-11-01,5.22088
1950-12-01,9.79592
1951-01-01,13.16872
1951-02-01,15.70248
1951-03-01,15.16393
1951-04-01,14.28571
1951-05-01,13.70968
1951-06-01,11.90476
1951-07-01,9.26641
1951-08-01,8.04598
1951-09-01,8.04598
1951-10-01,9.19540
1951-11-01,9.54198
1951-12-01,7.06320
1952-01-01,4.72727
1952-02-01,0.71429
1952-03-01,0.71174
1952-04-01,2.14286
1952-05-01,1.77305
1952-06-01,1.77305
1952-07-01,3.18021
1952-08-01,3.54610
1952-09-01,2.48227
1952-10-01,1.05263
1952-11-01,0.34843
1952-12-01,-1.04167
1953-01-01,-1.38889
1953-02-01,-1.06383
1953-03-01,-1.06007
1953-04-01,-2.44755
1953-05-01,-2.09059
1953-06-01,-0.69686
1953-07-01,-2.39726
1953-08-01,-2.05479
1953-09-01,-1.38408
1953-10-01,-1.04167
1953-11-01,-2.43056
1953-12-01,-1.05263
1954-01-01,0.00000
1954-02-01,1.07527
1954-03-01,0.35714
1954-04-01,1.07527
1954-05-01,1.06762
1954-06-01,0.00000
1954-07-01,0.70175
1954-08-01,0.00000
1954-09-01,-1.05263
1954-10-01,-1.75439
1954-11-01,-0.71174
1954-12-01,-1.77305
1955-01-01,-2.46479
1955-02-01,-1.41844
1955-03-01,-1.06762
1955-04-01,-1.06383
1955-05-01,-1.76056
1955-06-01,-2.10526
1955-07-01,-2.09059
1955-08-01,-2.44755
1955-09-01,-0.70922
1955-10-01,-0.71429
1955-11-01,-1.43369
1955-12-01,-0.72202
1956-01-01,-1.08303
1956-02-01,-1.79856
1956-03-01,-1.79856
1956-04-01,-1.43369
1956-05-01,-0.35842
1956-06-01,1.79211
1956-07-01,2.49110
1956-08-01,1.79211
1956-09-01,1.42857
1956-10-01,2.15827
1956-11-01,2.90909
1956-12-01,2.90909
1957-01-01,3.28467
1957-02-01,4.39560
1957-03-01,4.02930
1957-04-01,3.63636
1957-05-01,3.23741
1957-06-01,2.46479
1957-07-01,2.08333
1957-08-01,3.87324
1957-09-01,3.16901
1957-10-01,2.81690
1957-11-01,2.82686
1957-12-01,2.82686
1958-01-01,4.94700
1958-02-01,4.56140
1958-03-01,6.69014
1958-04-01,7.01754
1958-05-01,6.27178
1958-06-01,4.81100
1958-07-01,3.74150
1958-08-01,2.71186
1958-09-01,3.07167
1958-10-01,2.73973
1958-11-01,2.74914
1958-12-01,2.40550
1959-01-01,0.33670
1959-02-01,-0.33557
1959-03-01,-2.64026
1959-04-01,-3.27869
1959-05-01,-3.27869
1959-06-01,-2.29508
1959-07-01,-1.96721
1959-08-01,-1.98020
1959-09-01,-1.32450
1959-10-01,-1.00000
1959-11-01,-1.33779
1959-12-01,-1.00671
1960-01-01,-1.00671
1960-02-01,-1.01010
1960-03-01,0.00000
1960-04-01,1.69492
1960-05-01,1.69492
1960-06-01,1.34228
1960-07-01,1.00334
1960-08-01,1.34680
1960-09-01,1.34228
1960-10-01,2.02020
1960-11-01,3.05085
1960-12-01,3.05085
1961-01-01,3.05085
1961-02-01,3.40136
1961-03-01,3.05085
1961-04-01,1.33333
1961-05-01,1.00000
1961-06-01,0.33113
1961-07-01,1.32450
1961-08-01,0.99668
1961-09-01,0.66225
1961-10-01,0.00000
1961-11-01,-0.65789
1961-12-01,-0.65789
1962-01-01,-0.32895
1962-02-01,0.32895
1962-03-01,0.32895
1962-04-01,0.65789
1962-05-01,0.66007
1962-06-01,0.99010
1962-07-01,0.32680
1962-08-01,0.98684
1962-09-01,1.97368
1962-10-01,1.65017
1962-11-01,1.98675
1962-12-01,1.32450
1963-01-01,2.31023
1963-02-01,1.63934
1963-03-01,1.31148
1963-04-01,0.65359
1963-05-01,0.98361
1963-06-01,1.30719
1963-07-01,2.28013
1963-08-01,2.28013
1963-09-01,0.64516
1963-10-01,0.64935
1963-11-01,0.97403
1963-12-01,1.96078
1964-01-01,0.96774
1964-02-01,1.29032
1964-03-01,1.29450
1964-04-01,1.62338
1964-05-01,1.29870
1964-06-01,1.29032
1964-07-01,0.95541
1964-08-01,0.63694
1964-09-01,1.60256
1964-10-01,1.93548
1964-11-01,1.60772
1964-12-01,1.28205
1965-01-01,0.63898
1965-02-01,0.31847
1965-03-01,0.95847
1965-04-01,1.27796
1965-05-01,2.24359
1965-06-01,3.82166
1965-07-01,3.47003
1965-08-01,3.16456
1965-09-01,2.20820
1965-10-01,2.53165
1965-11-01,2.53165
1965-12-01,3.48101
1966-01-01,4.76190
1966-02-01,6.34921
1966-03-01,6.64557
1966-04-01,6.30915
1966-05-01,5.32915
1966-06-01,3.37423
1966-07-01,3.04878
1966-08-01,5.21472
1966-09-01,5.55556
1966-10-01,5.55556
1966-11-01,4.93827
1966-12-01,3.97554
1967-01-01,2.72727
1967-02-01,0.89552
1967-03-01,0.29674
1967-04-01,-0.29674
1967-05-01,0.29762
1967-06-01,0.89021
1967-07-01,1.47929
1967-08-01,0.58309
1967-09-01,0.29240
1967-10-01,0.00000
1967-11-01,0.58824
1967-12-01,1.17647
1968-01-01,2.06490
1968-02-01,2.66272
1968-03-01,3.25444
1968-04-01,4.16667
1968-05-01,4.15430
1968-06-01,3.52941
1968-07-01,3.49854
1968-08-01,3.18841
1968-09-01,3.79009
1968-10-01,4.67836
1968-11-01,4.09357
1968-12-01,4.36047
1969-01-01,4.33526
1969-02-01,4.03458
1969-03-01,3.72493
1969-04-01,4.00000
1969-05-01,4.27350
1969-06-01,5.39773
1969-07-01,5.63380
1969-08-01,5.89888
1969-09-01,5.89888
1969-10-01,5.02793
1969-11-01,6.46067
1969-12-01,6.96379
1970-01-01,7.20222
1970-02-01,7.75623
1970-03-01,7.45856
1970-04-01,7.41758
1970-05-01,7.10383
1970-06-01,5.92992
1970-07-01,5.33333
1970-08-01,4.77454
1970-09-01,4.50928
1970-10-01,4.78723
1970-11-01,3.43008
1970-12-01,2.34375
1971-01-01,1.80879
1971-02-01,1.54242
1971-03-01,2.57069
1971-04-01,2.55754
1971-05-01,2.80612
1971-06-01,3.30789
1971-07-01,3.29114
1971-08-01,3.54430
1971-09-01,3.04569
1971-10-01,2.79188
1971-11-01,3.57143
1971-12-01,4.32570
1972-01-01,4.06091
1972-02-01,5.31646
1972-03-01,4.51128
1972-04-01,3.99002
1972-05-01,3.47395
1972-06-01,3.20197
1972-07-01,3.67647
1972-08-01,3.91198
1972-09-01,4.67980
1972-10-01,5.18519
1972-11-01,5.17241
1972-12-01,4.63415
1973-01-01,6.82927
1973-02-01,7.45192
1973-03-01,9.83213
1973-04-01,11.51079
1973-05-01,12.70983
1973-06-01,13.60382
1973-07-01,13.47518
1973-08-01,19.76471
1973-09-01,18.82353
1973-10-01,18.77934
1973-11-01,19.67213
1973-12-01,20.27972
1974-01-01,19.63470
1974-02-01,20.13423
1974-03-01,18.34061
1974-04-01,16.34409
1974-05-01,15.74468
1974-06-01,14.70588
1974-07-01,13.95833
1974-08-01,9.03733
1974-09-01,11.28713
1974-10-01,11.85771
1974-11-01,11.93738
1974-12-01,12.01550
1975-01-01,11.06870
1975-02-01,8.93855
1975-03-01,7.74908
1975-04-01,7.76340
1975-05-01,7.72059
1975-06-01,8.79121
1975-07-01,11.33455
1975-08-01,9.36937
1975-09-01,7.82918
1975-10-01,7.77385
1975-11-01,7.16783
1975-12-01,6.57439
1976-01-01,5.84192
1976-02-01,4.78632
1976-03-01,4.28082
1976-04-01,4.80274
1976-05-01,4.60751
1976-06-01,3.87205
1976-07-01,1.97044
1976-08-01,2.47117
1976-09-01,2.14521
1976-10-01,1.47541
1976-11-01,0.65253
1976-12-01,0.48701
1977-01-01,1.46104
1977-02-01,4.40457
1977-03-01,5.58292
1977-04-01,6.54664
1977-05-01,6.52529
1977-06-01,6.96921
1977-07-01,6.76329
1977-08-01,6.91318
1977-09-01,7.10824
1977-10-01,7.10824
1977-11-01,8.10373
1977-12-01,8.07754
1978-01-01,8.64000
1978-02-01,7.50000
1978-03-01,8.24261
1978-04-01,8.60215
1978-05-01,9.80092
1978-06-01,10.45455
1978-07-01,10.55807
1978-08-01,10.37594
1978-09-01,10.85973
1978-10-01,11.46305
1978-11-01,11.24438
1978-12-01,11.80867
1979-01-01,12.37113
1979-02-01,13.08140
1979-03-01,12.78736
1979-04-01,12.02263
1979-05-01,11.43654
1979-06-01,10.01372
1979-07-01,10.09550
1979-08-01,9.67302
1979-09-01,9.93197
1979-10-01,9.87821
1979-11-01,9.83827
1979-12-01,10.16043
1980-01-01,8.91219
1980-02-01,7.32648
1980-03-01,7.38854
1980-04-01,7.19697
1980-05-01,6.75845
1980-06-01,7.10723
1980-07-01,7.55886
1980-08-01,9.56522
1980-09-01,10.14851
1980-10-01,10.09852
1980-11-01,10.55215
1980-12-01,10.19417
1981-01-01,10.10830
1981-02-01,10.53892
1981-03-01,10.08304
1981-04-01,9.54064
1981-05-01,8.90973
1981-06-01,8.49825
1981-07-01,8.41014
1981-08-01,7.14286
1981-09-01,6.40449
1981-10-01,5.81655
1981-11-01,4.77248
1981-12-01,4.29515
1982-01-01,4.69945
1982-02-01,4.65872
1982-03-01,3.87931
1982-04-01,4.08602
1982-05-01,4.73628
1982-06-01,5.25751
1982-07-01,4.46334
1982-08-01,3.59788
1982-09-01,3.48469
1982-10-01,3.38266
1982-11-01,3.38983
1982-12-01,3.06230
1983-01-01,2.50522
1983-02-01,1.96687
1983-03-01,2.69710
1983-04-01,2.78926
1983-05-01,2.46660
1983-06-01,1.42712
1983-07-01,1.22075
1983-08-01,1.73647
1983-09-01,1.73469
1983-10-01,2.04499
1983-11-01,2.15164
1983-12-01,2.66393
1984-01-01,3.86965
1984-02-01,4.56853
1984-03-01,4.04040
1984-04-01,3.51759
1984-05-01,3.00903
1984-06-01,3.41709
1984-07-01,3.81910
1984-08-01,4.31727
1984-09-01,4.01204
1984-10-01,3.90782
1984-11-01,3.91174
1984-12-01,3.79242
1985-01-01,2.64706
1985-02-01,2.42718
1985-03-01,2.42718
1985-04-01,2.42718
1985-05-01,2.53165
1985-06-01,2.42954
1985-07-01,2.12972
1985-08-01,1.53994
1985-09-01,1.83221
1985-10-01,1.83221
1985-11-01,2.31660
1985-12-01,2.59615
1986-01-01,2.76982
1986-02-01,1.89573
1986-03-01,1.89573
1986-04-01,2.08531
1986-05-01,2.56410
1986-06-01,2.56167
1986-07-01,3.41232
1986-08-01,4.26540
1986-09-01,4.26136
1986-10-01,4.45076
1986-11-01,4.33962
1986-12-01,3.84255
1987-01-01,4.18216
1987-02-01,4.65116
1987-03-01,4.65116
1987-04-01,4.73538
1987-05-01,4.90741
1987-06-01,5.27290
1987-07-01,4.21632
1987-08-01,3.45455
1987-09-01,3.63306
1987-10-01,3.62647
1987-11-01,3.25497
1987-12-01,3.51986
1988-01-01,3.21142
1988-02-01,2.84444
1988-03-01,3.02222
1988-04-01,3.36879
1988-05-01,3.26567
1988-06-01,3.33919
1988-07-01,4.48549
1988-08-01,4.92091
1988-09-01,5.34619
1988-10-01,5.24934
1988-11-01,5.25394
1988-12-01,5.23104
1989-01-01,5.61798
1989-02-01,6.22299
1989-03-01,6.55738
1989-04-01,6.51801
1989-05-01,6.75214
1989-06-01,6.29252
1989-07-01,5.63973
1989-08-01,5.36013
1989-09-01,4.90849
1989-10-01,5.15378
1989-11-01,5.57404
1989-12-01,5.55095
1990-01-01,6.71031
1990-02-01,6.83483
1990-03-01,6.47773
1990-04-01,5.71659
1990-05-01,5.12410
1990-06-01,5.60000
1990-07-01,5.73705
1990-08-01,5.64388
1990-09-01,5.63045
1990-10-01,5.61265
1990-11-01,5.59496
1990-12-01,5.33752
1991-01-01,4.14110
1991-02-01,3.19878
1991-03-01,3.26996
1991-04-01,4.11272
1991-05-01,4.18888
1991-06-01,3.93939
1991-07-01,2.86360
1991-08-01,2.33258
1991-09-01,2.10210
1991-10-01,1.64671
1991-11-01,1.64179
1991-12-01,1.86289
1992-01-01,1.03093
1992-02-01,1.47601
1992-03-01,1.69367
1992-04-01,1.02414
1992-05-01,0.43860
1992-06-01,0.14577
1992-07-01,0.51282
1992-08-01,1.47059
1992-09-01,1.83824
1992-10-01,1.84094
1992-11-01,1.54185
1992-12-01,1.46306
1993-01-01,1.89504
1993-02-01,1.74545
1993-03-01,1.44823
1993-04-01,1.81028
1993-05-01,2.69287
1993-06-01,2.18341
1993-07-01,2.25948
1993-08-01,2.02899
1993-09-01,1.87726
1993-10-01,2.38612
1993-11-01,2.60304
1993-12-01,2.88392
1994-01-01,2.78970
1994-02-01,2.14439
1994-03-01,2.21271
1994-04-01,1.99147
1994-05-01,1.70092
1994-06-01,2.20798
1994-07-01,2.77976
1994-08-01,2.84091
1994-09-01,2.76400
1994-10-01,2.40113
1994-11-01,2.39605
1994-12-01,2.87316
1995-01-01,2.64440
1995-02-01,3.14906
1995-03-01,2.93296
1995-04-01,3.48675
1995-05-01,3.34495
1995-06-01,3.06620
1995-07-01,2.70458
1995-08-01,2.48619
1995-09-01,2.68966
1995-10-01,3.03448
1995-11-01,2.82175
1995-12-01,2.11172
1996-01-01,2.37288
1996-02-01,2.30665
1996-03-01,2.84939
1996-04-01,2.62803
1996-05-01,2.49494
1996-06-01,3.17782
1996-07-01,3.44362
1996-08-01,3.57143
1996-09-01,3.82807
1996-10-01,4.01606
1996-11-01,4.35074
1996-12-01,4.26951
1997-01-01,3.64238
1997-02-01,3.77984
1997-03-01,3.29815
1997-04-01,2.82337
1997-05-01,3.02632
1997-06-01,2.62123
1997-07-01,2.48042
1997-08-01,2.53741
1997-09-01,2.13454
1997-10-01,1.80180
1997-11-01,1.66774
1997-12-01,1.53551
1998-01-01,2.17252
1998-02-01,1.85304
1998-03-01,1.97957
1998-04-01,2.04342
1998-05-01,2.36271
1998-06-01,2.23499
1998-07-01,2.22930
1998-08-01,2.15736
1998-09-01,2.02660
1998-10-01,2.40202
1998-11-01,2.27129
1998-12-01,2.26843
1999-01-01,2.31395
1999-02-01,2.44668
1999-03-01,2.25423
1999-04-01,2.25282
1999-05-01,2.12102
1999-06-01,2.18613
1999-07-01,2.05607
1999-08-01,1.98758
1999-09-01,2.17256
1999-10-01,1.91358
1999-11-01,1.91240
1999-12-01,1.91004
2000-01-01,1.52812
2000-02-01,1.83711
2000-03-01,1.95958
2000-04-01,1.95838
2000-05-01,2.19914
2000-06-01,2.26161
2000-07-01,2.62515
2000-08-01,2.74056
2000-09-01,2.61239
2000-10-01,2.42277
2000-11-01,2.23971
2000-12-01,2.78114
2001-01-01,2.88983
2001-02-01,3.00661
2001-03-01,3.12312
2001-04-01,3.18127
2001-05-01,3.10819
2001-06-01,3.40705
2001-07-01,3.21237
2001-08-01,3.08239
2001-09-01,3.07874
2001-10-01,3.42992
2001-11-01,3.37478
2001-12-01,2.76471
2002-01-01,2.86717
2002-02-01,2.68535
2002-03-01,2.56261
2002-04-01,2.50145
2002-05-01,1.91304
2002-06-01,1.61850
2002-07-01,1.44092
2002-08-01,1.20759
2002-09-01,1.32108
2002-10-01,0.91481
2002-11-01,1.26002
2002-12-01,1.48827
2003-01-01,0.96701
2003-02-01,1.36441
2003-03-01,1.41965
2003-04-01,1.24858
2003-05-01,1.70648
2003-06-01,2.16155
2003-07-01,2.10227
2003-08-01,2.50000
2003-09-01,2.43764
2003-10-01,2.94618
2003-11-01,3.16742
2003-12-01,3.55330
2004-01-01,3.54930
2004-02-01,3.25294
2004-03-01,3.24748
2004-04-01,3.41928
2004-05-01,4.08277
2004-06-01,3.73051
2004-07-01,3.95103
2004-08-01,3.54767
2004-09-01,3.32042
2004-10-01,3.41222
2004-11-01,3.17982
2004-12-01,2.66885
2005-01-01,2.88357
2005-02-01,2.55296
2005-03-01,2.54881
2005-04-01,3.08943
2005-05-01,2.41805
2005-06-01,2.20075
2005-07-01,2.14133
2005-08-01,2.19486
2005-09-01,2.51741
2005-10-01,2.23523
2005-11-01,2.23167
2005-12-01,2.33422
2006-01-01,2.64410
2006-02-01,2.75424
2006-03-01,2.59122
2006-04-01,1.84017
2006-05-01,1.88877
2006-06-01,2.15336
2006-07-01,2.20126
2006-08-01,2.40964
2006-09-01,2.50784
2006-10-01,2.60281
2006-11-01,2.28690
2006-12-01,2.12545
2007-01-01,2.42761
2007-02-01,3.09278
2007-03-01,3.30052
2007-04-01,3.67579
2007-05-01,3.90886
2007-06-01,4.08278
2007-07-01,4.16462
2007-08-01,4.28900
2007-09-01,4.45515
2007-10-01,4.41197
2007-11-01,4.81555
2007-12-01,4.92589
2008-01-01,4.93230
2008-02-01,4.58300
2008-03-01,4.48197
2008-04-01,5.12001
2008-05-01,5.08596
2008-06-01,5.33588
2008-07-01,5.99544
2008-08-01,6.14905
2008-09-01,6.22374
2008-10-01,6.28875
2008-11-01,6.04624
2008-12-01,5.85427
2009-01-01,5.30012
2009-02-01,4.79954
2009-03-01,4.40098
2009-04-01,3.34435
2009-05-01,2.72195
2009-06-01,2.10886
2009-07-01,0.90943
2009-08-01,0.42879
2009-09-01,-0.21957
2009-10-01,-0.55409
2009-11-01,-0.67840
2009-12-01,-0.53381
2010-01-01,-0.36463
2010-02-01,-0.19479
2010-03-01,0.19762
2010-04-01,0.48404
2010-05-01,0.71066
2010-06-01,0.67879
2010-07-01,0.85797
2010-08-01,0.98505
2010-09-01,1.38018
2010-10-01,1.42052
2010-11-01,1.54282
2010-12-01,1.52042
2011-01-01,1.84490
2011-02-01,2.29502
2011-03-01,2.88451
2011-04-01,3.16215
2011-05-01,3.46531
2011-06-01,3.71411
2011-07-01,4.19631
2011-08-01,4.58470
2011-09-01,4.70311
2011-10-01,4.71453
2011-11-01,4.61116
2011-12-01,4.68667
2012-01-01,4.37572
2012-02-01,3.88161
2012-03-01,3.30242
2012-04-01,3.13243
2012-05-01,2.80338
2012-06-01,2.72827
2012-07-01,2.32748
2012-08-01,2.00476
2012-09-01,1.61554
2012-10-01,1.67131
2012-11-01,1.77911
2012-12-01,1.76783
2013-01-01,1.57952
2013-02-01,1.64096
2013-03-01,1.52067
2013-04-01,1.54652
2013-05-01,1.36582
2013-06-01,1.38250
2013-07-01,1.44288
2013-08-01,1.38796
2013-09-01,1.37603
2013-10-01,1.27428
2013-11-01,1.16860
2013-12-01,1.05315
2014-01-01,1.07091
2014-02-01,1.39949
2014-03-01,1.72046
2014-04-01,1.89832
2014-05-01,2.45977
2014-06-01,2.33707
2014-07-01,2.54556
2014-08-01,2.69791
2014-09-01,2.99256
2014-10-01,3.06679
2014-11-01,3.17748
2014-12-01,3.40818
2015-01-01,3.20925
2015-02-01,2.95149
2015-03-01,2.34902
2015-04-01,1.98229
2015-05-01,1.58576
2015-06-01,1.79675
2015-07-01,1.63310
2015-08-01,1.58319
2015-09-01,1.63594
2015-10-01,1.58505
2015-11-01,1.27003
2015-12-01,0.78341
2016-01-01,0.84896
2016-02-01,0.85941
2016-03-01,0.78563
2016-04-01,0.93125
2016-05-01,0.67956
2016-06-01,0.32512
2016-07-01,0.22307
2016-08-01,0.01938
2016-09-01,-0.28757
2016-10-01,-0.39309
2016-11-01,-0.35078
2016-12-01,-0.23800
2017-01-01,-0.15646
2017-02-01,-0.00362
2017-03-01,0.47867
2017-04-01,0.53379
2017-05-01,0.86985
2017-06-01,0.87724
2017-07-01,1.07451
2017-08-01,1.11982
2017-09-01,1.24074
2017-10-01,1.32663
2017-11-01,1.38865
2017-12-01,1.58706
2018-01-01,1.65927
2018-02-01,1.39675
2018-03-01,1.28630
2018-04-01,1.38945
2018-05-01,1.23272
2018-06-01,1.43319
2018-07-01,1.41159
2018-08-01,1.43078
2018-09-01,1.35462
2018-10-01,1.19110
2018-11-01,1.39833
2018-12-01,1.58097
2019-01-01,1.60722
2019-02-01,1.96459
2019-03-01,2.12149
2019-04-01,1.77679
2019-05-01,1.98026
2019-06-01,1.90853
2019-07-01,1.78446
2019-08-01,1.70539
2019-09-01,1.78857
2019-10-01,2.07346
2019-11-01,2.00017
2019-12-01,1.80753
2020-01-01,1.80955
2020-02-01,1.80933
2020-03-01,1.93385
2020-04-01,3.51134
2020-05-01,4.00178
2020-06-01,4.53608
2020-07-01,4.09991
2020-08-01,4.12871
2020-09-01,3.94681
2020-10-01,3.92710
2020-11-01,3.70066
2020-12-01,3.92575
2021-01-01,3.78500
2021-02-01,3.62271
2021-03-01,3.46544
2021-04-01,2.37407
2021-05-01,2.15058
2021-06-01,2.38574
2021-07-01,3.44562
2021-08-01,3.73719
2021-09-01,4.58570
2021-10-01,5.32821
2021-11-01,6.10921
2021-12-01,6.27465
2022-01-01,6.95141
2022-02-01,7.89754
2022-03-01,8.79873
2022-04-01,9.38189
2022-05-01,10.14762
2022-06-01,10.43967
2022-07-01,10.93206
2022-08-01,11.37084
2022-09-01,11.23813
2022-10-01,10.94914
2022-11-01,10.63021
2022-12-01,10.40994
2023-01-01,10.13348
2023-02-01,9.48619
